{"epoch": 9999, "train_y_32_loss": 0.10234939013832794, "train_map_loss": 1.292256721191936, "val_y_32_loss": 0.19899592801569574, "val_map_loss": 1.2819348673025768, "val_IoU": 0.6726139560341835, "_timestamp": 1689643142.1609282, "_runtime": 284245.60941934586, "_step": 9999}